customerID,original_probability,simulated_probability,probability_change
7216-EWTRS,0.9620574084765344,0.9410116627350135,0.02104574574152096
7216-EWTRS,0.9620574084765344,0.9467493626273552,0.01530804584917922
7216-EWTRS,0.9620574084765344,0.9400351334127052,0.022022275063829255
7216-EWTRS,0.9620574084765344,0.8514500635508359,0.11060734492569857
7216-EWTRS,0.9620574084765344,0.9534188616362743,0.008638546840260108
7216-EWTRS,0.9620574084765344,0.9366314711279545,0.025425937348579897
7216-EWTRS,0.9620574084765344,0.6565714242502682,0.30548598422626627
7216-EWTRS,0.9620574084765344,0.494754588280733,0.46730282019580144
7216-EWTRS,0.9620574084765344,0.883423659554889,0.07863374892164543
7216-EWTRS,0.9620574084765344,0.8918169053013046,0.07024050317522978
7216-EWTRS,0.9620574084765344,0.9382717045411564,0.023785703935378044
7216-EWTRS,0.9620574084765344,0.808056481991794,0.1540009264847404
7216-EWTRS,0.9620574084765344,0.8917039991596271,0.07035340931690737
7216-EWTRS,0.9620574084765344,0.9018316068895099,0.06022580158702451
7216-EWTRS,0.9620574084765344,0.6259993682331583,0.33605804024337615
7216-EWTRS,0.9620574084765344,0.4148617388381039,0.5471956696384306
7216-EWTRS,0.9620574084765344,0.8279991912267608,0.13405821724977363
7216-EWTRS,0.9620574084765344,0.9449452109050288,0.017112197571505616
7216-EWTRS,0.9620574084765344,0.8284194439277822,0.1336379645487522
7216-EWTRS,0.9620574084765344,0.9388084367582167,0.023248971718317746
9300-AGZNL,0.9576007745425607,0.9076856745440841,0.04991509999847654
9300-AGZNL,0.9576007745425607,0.9422105135265785,0.015390261015982176
9300-AGZNL,0.9576007745425607,0.9486342431822208,0.008966531360339869
9300-AGZNL,0.9576007745425607,0.7881492595474899,0.16945151499507072
9300-AGZNL,0.9576007745425607,0.9503280043341652,0.0072727702083954515
9300-AGZNL,0.9576007745425607,0.9478669933123549,0.00973378123020574
9300-AGZNL,0.9576007745425607,0.6423998676270611,0.3152009069154995
9300-AGZNL,0.9576007745425607,0.500068372976982,0.4575324015655786
9300-AGZNL,0.9576007745425607,0.9096759600572852,0.04792481448527541
9300-AGZNL,0.9576007745425607,0.8622002777251181,0.09540049681744256
9300-AGZNL,0.9576007745425607,0.900347881535526,0.05725289300703462
9300-AGZNL,0.9576007745425607,0.7476055661578066,0.20999520838475405
9300-AGZNL,0.9576007745425607,0.8687474786383443,0.08885329590421631
9300-AGZNL,0.9576007745425607,0.8989911966258255,0.058609577916735156
9300-AGZNL,0.9576007745425607,0.5619284522934211,0.3956723222491395
9300-AGZNL,0.9576007745425607,0.39097840900801756,0.566622365534543
9300-AGZNL,0.9576007745425607,0.8387524968092551,0.11884827773330553
9300-AGZNL,0.9576007745425607,0.9313921870550567,0.026208587487503987
9300-AGZNL,0.9576007745425607,0.7739414390175118,0.18365933552504887
9300-AGZNL,0.9576007745425607,0.9362067628348186,0.021394011707742022
9497-QCMMS,0.955802872485707,0.8965908924458335,0.05921198003987349
9497-QCMMS,0.955802872485707,0.9383838640801381,0.01741900840556887
9497-QCMMS,0.955802872485707,0.9469269574089574,0.008875915076749563
9497-QCMMS,0.955802872485707,0.7856892362854877,0.17011363620021924
9497-QCMMS,0.955802872485707,0.9484151902873457,0.007387682198361278
9497-QCMMS,0.955802872485707,0.9459629934678614,0.009839879017845554
9497-QCMMS,0.955802872485707,0.6208860267750907,0.3349168457106162
9497-QCMMS,0.955802872485707,0.48335874349942537,0.4724441289862816
9497-QCMMS,0.955802872485707,0.9074388951306417,0.04836397735506526
9497-QCMMS,0.955802872485707,0.8423631176072371,0.1134397548784698
9497-QCMMS,0.955802872485707,0.8894053763691092,0.06639749611659773
9497-QCMMS,0.955802872485707,0.7254094237256498,0.23039344876005718
9497-QCMMS,0.955802872485707,0.8586832694922197,0.09711960299348721
9497-QCMMS,0.955802872485707,0.8870302810793246,0.06877259140638237
9497-QCMMS,0.955802872485707,0.5059102723645312,0.4498926001211757
9497-QCMMS,0.955802872485707,0.35629093299022035,0.5995119394954866
9497-QCMMS,0.955802872485707,0.8234450383180815,0.13235783416762548
9497-QCMMS,0.955802872485707,0.9293115401533044,0.02649133233240253
9497-QCMMS,0.955802872485707,0.7700211771735725,0.1857816953121344
9497-QCMMS,0.955802872485707,0.9339156317064812,0.02188724077922577
8149-RSOUN,0.9553119117259633,0.9172656344513183,0.038046277274645046
8149-RSOUN,0.9553119117259633,0.9307312748706019,0.024580636855361382
8149-RSOUN,0.9553119117259633,0.9561805545353801,-0.0008686428094167864
8149-RSOUN,0.9553119117259633,0.769993825843507,0.18531808588245635
8149-RSOUN,0.9553119117259633,0.9488136015231738,0.006498310202789459
8149-RSOUN,0.9553119117259633,0.9085395299950415,0.0467723817309218
8149-RSOUN,0.9553119117259633,0.6256965510712417,0.32961536065472163
8149-RSOUN,0.9553119117259633,0.5018243351128112,0.4534875766131521
8149-RSOUN,0.9553119117259633,0.8750319949047537,0.08027991682120961
8149-RSOUN,0.9553119117259633,0.8567540081478432,0.09855790357812011
8149-RSOUN,0.9553119117259633,0.914949790772849,0.04036212095311431
8149-RSOUN,0.9553119117259633,0.7302209183869941,0.2250909933389692
8149-RSOUN,0.9553119117259633,0.8518861845066672,0.1034257272192961
8149-RSOUN,0.9553119117259633,0.8674566044589582,0.08785530726700508
8149-RSOUN,0.9553119117259633,0.5405617308995766,0.4147501808263867
8149-RSOUN,0.9553119117259633,0.379791944097188,0.5755199676287753
8149-RSOUN,0.9553119117259633,0.8091842867264122,0.14612762499955112
8149-RSOUN,0.9553119117259633,0.931669430179911,0.023642481546052307
8149-RSOUN,0.9553119117259633,0.7781914119905341,0.1771204997354292
8149-RSOUN,0.9553119117259633,0.9283323010921976,0.02697961063376575
5419-JPRRN,0.9541318871533006,0.8898644379001999,0.06426744925310068
5419-JPRRN,0.9541318871533006,0.91750872261587,0.03662316453743053
5419-JPRRN,0.9541318871533006,0.9374369284369171,0.01669495871638349
5419-JPRRN,0.9541318871533006,0.8000361998076856,0.15409568734561496
5419-JPRRN,0.9541318871533006,0.9289901353150959,0.025141751838204662
5419-JPRRN,0.9541318871533006,0.943661457873976,0.010470429279324511
5419-JPRRN,0.9541318871533006,0.6688643516880736,0.285267535465227
5419-JPRRN,0.9541318871533006,0.49387930590151047,0.4602525812517901
5419-JPRRN,0.9541318871533006,0.8869976605390938,0.06713422661420676
5419-JPRRN,0.9541318871533006,0.8512096087747806,0.10292227837851997
5419-JPRRN,0.9541318871533006,0.8810863677321361,0.07304551942116444
5419-JPRRN,0.9541318871533006,0.7522011798181835,0.2019307073351171
5419-JPRRN,0.9541318871533006,0.8336787299440589,0.12045315720924166
5419-JPRRN,0.9541318871533006,0.8610426919429351,0.0930891952103654
5419-JPRRN,0.9541318871533006,0.5653190133681972,0.3888128737851033
5419-JPRRN,0.9541318871533006,0.36141953852431863,0.5927123486289819
5419-JPRRN,0.9541318871533006,0.79226007685621,0.16187181029709052
5419-JPRRN,0.9541318871533006,0.9341852043644049,0.019946682788895664
5419-JPRRN,0.9541318871533006,0.7745463023640818,0.1795855847892187
5419-JPRRN,0.9541318871533006,0.8873044495117046,0.06682743764159593
0107-YHINA,0.9537481653228855,0.8722474438564264,0.08150072146645915
0107-YHINA,0.9537481653228855,0.9093813378574634,0.04436682746542209
0107-YHINA,0.9537481653228855,0.9391214548884719,0.014626710434413659
0107-YHINA,0.9537481653228855,0.8169169546081942,0.1368312107146913
0107-YHINA,0.9537481653228855,0.9276190581706358,0.026129107152249698
0107-YHINA,0.9537481653228855,0.931132771441645,0.022615393881240564
0107-YHINA,0.9537481653228855,0.6382208095325407,0.31552735579034485
0107-YHINA,0.9537481653228855,0.4401801283317097,0.5135680369911758
0107-YHINA,0.9537481653228855,0.8922752202158835,0.061472945107002075
0107-YHINA,0.9537481653228855,0.8258575262191042,0.1278906391037813
0107-YHINA,0.9537481653228855,0.8650713057217954,0.08867685960109017
0107-YHINA,0.9537481653228855,0.7311034401141785,0.22264472520870704
0107-YHINA,0.9537481653228855,0.821636558746032,0.1321116065768535
0107-YHINA,0.9537481653228855,0.8425760369069772,0.11117212841590829
0107-YHINA,0.9537481653228855,0.527378903024755,0.42636926229813055
0107-YHINA,0.9537481653228855,0.3168012480970135,0.636946917225872
0107-YHINA,0.9537481653228855,0.7546856172878119,0.19906254803507362
0107-YHINA,0.9537481653228855,0.9327435680407338,0.02100459728215176
0107-YHINA,0.9537481653228855,0.7713078420035434,0.18244032331934212
0107-YHINA,0.9537481653228855,0.8873720091276337,0.06637615619525183
4910-GMJOT,0.953289209709642,0.9142529981242499,0.039036211585392167
4910-GMJOT,0.953289209709642,0.9290646082039352,0.024224601505706822
4910-GMJOT,0.953289209709642,0.9542417296471392,-0.0009525199374971205
4910-GMJOT,0.953289209709642,0.7671481778212828,0.1861410318883593
4910-GMJOT,0.953289209709642,0.9469027007364715,0.006386508973170502
4910-GMJOT,0.953289209709642,0.9063673603001111,0.046921849409530925
4910-GMJOT,0.953289209709642,0.6209075297872064,0.3323816799224356
4910-GMJOT,0.953289209709642,0.4977693307499318,0.45551987895971024
4910-GMJOT,0.953289209709642,0.8703739047019395,0.0829153050077025
4910-GMJOT,0.953289209709642,0.8567540081478432,0.09653520156179884
4910-GMJOT,0.953289209709642,0.9120505738086088,0.04123863590103327
4910-GMJOT,0.953289209709642,0.7247236818231219,0.22856552788652018
4910-GMJOT,0.953289209709642,0.8506916186112631,0.10259759109837896
4910-GMJOT,0.953289209709642,0.8642443819525858,0.08904482775705624
4910-GMJOT,0.953289209709642,0.5349735943902177,0.4183156153194243
4910-GMJOT,0.953289209709642,0.37622152502404105,0.577067684685601
4910-GMJOT,0.953289209709642,0.8034783402027403,0.1498108695069017
4910-GMJOT,0.953289209709642,0.9300027635132443,0.023286446196397748
4910-GMJOT,0.953289209709642,0.7815247453238675,0.17176446438577453
4910-GMJOT,0.953289209709642,0.9283323010921976,0.024956908617444484
9248-OJYKK,0.9505862237357269,0.8820325657261213,0.06855365800960556
9248-OJYKK,0.9505862237357269,0.9366443221746926,0.013941901561034253
9248-OJYKK,0.9505862237357269,0.9287695280347146,0.0218166957010123
9248-OJYKK,0.9505862237357269,0.8260449084320879,0.12454131530363899
9248-OJYKK,0.9505862237357269,0.9221592403849188,0.028426983350808066
9248-OJYKK,0.9505862237357269,0.941036421066649,0.0095498026690779
9248-OJYKK,0.9505862237357269,0.5257667562140179,0.42481946752170896
9248-OJYKK,0.9505862237357269,0.41474961110131914,0.5358366126344077
9248-OJYKK,0.9505862237357269,0.894717332589713,0.0558688911460139
9248-OJYKK,0.9505862237357269,0.8385443148562581,0.11204190887946874
9248-OJYKK,0.9505862237357269,0.8421417372192997,0.10844448651642713
9248-OJYKK,0.9505862237357269,0.7240556368639651,0.22653058687176175
9248-OJYKK,0.9505862237357269,0.8663886714132639,0.08419755232246295
9248-OJYKK,0.9505862237357269,0.8497928681375712,0.10079335559815572
9248-OJYKK,0.9505862237357269,0.44034741500830726,0.5102388087274197
9248-OJYKK,0.9505862237357269,0.3331079346150045,0.6174782891207224
9248-OJYKK,0.9505862237357269,0.7375779244808761,0.21300829925485076
9248-OJYKK,0.9505862237357269,0.9283664138302138,0.022219809905513088
9248-OJYKK,0.9505862237357269,0.8270583713328047,0.12352785240292219
9248-OJYKK,0.9505862237357269,0.9148685270421102,0.035717696693616685
6894-LFHLY,0.9497233868979583,0.8807085876199405,0.06901479927801779
6894-LFHLY,0.9497233868979583,0.9335995563843892,0.016123830513569137
6894-LFHLY,0.9497233868979583,0.9279216320945697,0.02180175480338864
6894-LFHLY,0.9497233868979583,0.8242717695910947,0.1254516173068636
6894-LFHLY,0.9497233868979583,0.91966784411671,0.030055542781248334
6894-LFHLY,0.9497233868979583,0.9400572558304937,0.009666131067464612
6894-LFHLY,0.9497233868979583,0.5229612649255149,0.42676212197244345
6894-LFHLY,0.9497233868979583,0.4121913698134519,0.5375320170845064
6894-LFHLY,0.9497233868979583,0.891741370427695,0.05798201647026335
6894-LFHLY,0.9497233868979583,0.8364299791603557,0.11329340773760266
6894-LFHLY,0.9497233868979583,0.8408258057401636,0.10889758115779469
6894-LFHLY,0.9497233868979583,0.7234022920738244,0.22632109482413387
6894-LFHLY,0.9497233868979583,0.8634994936140391,0.08622389328391922
6894-LFHLY,0.9497233868979583,0.8482488694193094,0.10147451747864888
6894-LFHLY,0.9497233868979583,0.437810005543789,0.5119133813541693
6894-LFHLY,0.9497233868979583,0.3312678796261434,0.618455507271815
6894-LFHLY,0.9497233868979583,0.7354848875113733,0.214238499386585
6894-LFHLY,0.9497233868979583,0.9254119093403151,0.02431147755764318
6894-LFHLY,0.9497233868979583,0.8243731224810286,0.12535026441692976
6894-LFHLY,0.9497233868979583,0.9118749815098837,0.03784840538807466
8775-LHDJH,0.9401642391095836,0.7874536607372026,0.152710578372381
8775-LHDJH,0.9401642391095836,0.915288434063766,0.024875805045817545
8775-LHDJH,0.9401642391095836,0.9378121664565985,0.0023520726529850933
8775-LHDJH,0.9401642391095836,0.8431086507488564,0.09705558836072714
8775-LHDJH,0.9401642391095836,0.9442055427404902,-0.004041303630906601
8775-LHDJH,0.9401642391095836,0.9423729301537255,-0.002208691044141897
8775-LHDJH,0.9401642391095836,0.5121656887736202,0.42799855033596335
8775-LHDJH,0.9401642391095836,0.4020355555007947,0.5381286836087888
8775-LHDJH,0.9401642391095836,0.8442987469809268,0.0958654921286568
8775-LHDJH,0.9401642391095836,0.8588460170096534,0.08131822209993023
8775-LHDJH,0.9401642391095836,0.8122518710040585,0.1279123681055251
8775-LHDJH,0.9401642391095836,0.6809756782477882,0.2591885608617954
8775-LHDJH,0.9401642391095836,0.8123126909462149,0.12785154816336863
8775-LHDJH,0.9401642391095836,0.818224749599736,0.12193948950984757
8775-LHDJH,0.9401642391095836,0.3820974934432597,0.5580667456663239
8775-LHDJH,0.9401642391095836,0.25973085778622873,0.6804333813233548
8775-LHDJH,0.9401642391095836,0.6701052392428095,0.27005899986677406
8775-LHDJH,0.9401642391095836,0.9262259644589163,0.013938274650667326
8775-LHDJH,0.9401642391095836,0.8343739024423814,0.10579033666720217
8775-LHDJH,0.9401642391095836,0.9338689593871008,0.006295279722482783
6618-RYATB,0.9379209946113652,0.8039157461872694,0.1340052484240959
6618-RYATB,0.9379209946113652,0.9171272024733996,0.020793792137965617
6618-RYATB,0.9379209946113652,0.9310757983880809,0.006845196223284389
6618-RYATB,0.9379209946113652,0.7843506078145333,0.153570386796832
6618-RYATB,0.9379209946113652,0.9213747339638275,0.016546260647537725
6618-RYATB,0.9379209946113652,0.9339711513975701,0.003949843213795101
6618-RYATB,0.9379209946113652,0.5244961406718822,0.41342485393948303
6618-RYATB,0.9379209946113652,0.37350837187492036,0.5644126227364449
6618-RYATB,0.9379209946113652,0.8825649856958145,0.0553560089155507
6618-RYATB,0.9379209946113652,0.7957149859542031,0.14220600865716215
6618-RYATB,0.9379209946113652,0.8522798572045996,0.0856411374067656
6618-RYATB,0.9379209946113652,0.622622990826904,0.31529800378446127
6618-RYATB,0.9379209946113652,0.8095906379628787,0.12833035664848658
6618-RYATB,0.9379209946113652,0.8303937081312128,0.10752728648015242
6618-RYATB,0.9379209946113652,0.3519512433251935,0.5859697512861717
6618-RYATB,0.9379209946113652,0.2313318790582517,0.7065891155531135
6618-RYATB,0.9379209946113652,0.684074282217773,0.25384671239359224
6618-RYATB,0.9379209946113652,0.9105745884273233,0.027346406184041938
6618-RYATB,0.9379209946113652,0.7773721482216455,0.16054884638971978
6618-RYATB,0.9379209946113652,0.9004698036847243,0.037451190926640954
2609-IAICY,0.9371831721520762,0.8329126501607526,0.1042705219913237
2609-IAICY,0.9371831721520762,0.924560970365539,0.01262220178653728
2609-IAICY,0.9371831721520762,0.9283587434145435,0.008824428737532752
2609-IAICY,0.9371831721520762,0.8160461965871292,0.12113697556494707
2609-IAICY,0.9371831721520762,0.8454992322205012,0.09168393993157509
2609-IAICY,0.9371831721520762,0.9446082206177439,-0.007425048465667605
2609-IAICY,0.9371831721520762,0.5208125525935191,0.41637061955855714
2609-IAICY,0.9371831721520762,0.4090452815176769,0.5281378906343994
2609-IAICY,0.9371831721520762,0.8822821104260409,0.05490106172603537
2609-IAICY,0.9371831721520762,0.8282301797076771,0.10895299244439915
2609-IAICY,0.9371831721520762,0.8027590746031676,0.1344240975489086
2609-IAICY,0.9371831721520762,0.6670849086834817,0.27009826346859456
2609-IAICY,0.9371831721520762,0.8295589023312785,0.10762426982079776
2609-IAICY,0.9371831721520762,0.8204637836879657,0.11671938846411056
2609-IAICY,0.9371831721520762,0.4023914633193475,0.5347917088327288
2609-IAICY,0.9371831721520762,0.29088252399231623,0.64630064815976
2609-IAICY,0.9371831721520762,0.6830943047332521,0.2540888674188242
2609-IAICY,0.9371831721520762,0.9277424010798948,0.009440771072181442
2609-IAICY,0.9371831721520762,0.8198489028737131,0.1173342692783631
2609-IAICY,0.9371831721520762,0.8795836368096125,0.05759953534246376
3178-FESZO,0.9367902207116553,0.8602427902978665,0.07654743041378875
3178-FESZO,0.9367902207116553,0.9322460720542477,0.0045441486574075984
3178-FESZO,0.9367902207116553,0.9265433791983505,0.010246841513304794
3178-FESZO,0.9367902207116553,0.7738092376291877,0.16298098308246756
3178-FESZO,0.9367902207116553,0.9330475704364251,0.0037426502752302415
3178-FESZO,0.9367902207116553,0.9185640368473496,0.018226183864305745
3178-FESZO,0.9367902207116553,0.6067113311159841,0.3300788895956712
3178-FESZO,0.9367902207116553,0.3918800113222464,0.5449102093894089
3178-FESZO,0.9367902207116553,0.8242072805043469,0.11258294020730841
3178-FESZO,0.9367902207116553,0.8843515332346382,0.052438687477017076
3178-FESZO,0.9367902207116553,0.8653251442096525,0.07146507650200284
3178-FESZO,0.9367902207116553,0.7025829715941353,0.23420724911752
3178-FESZO,0.9367902207116553,0.8696407772850602,0.06714944342659512
3178-FESZO,0.9367902207116553,0.8390092424962945,0.0977809782153608
3178-FESZO,0.9367902207116553,0.5153285390520953,0.42146168165956
3178-FESZO,0.9367902207116553,0.2753884539259239,0.6614017667857314
3178-FESZO,0.9367902207116553,0.7245805118577548,0.21220970885390045
3178-FESZO,0.9367902207116553,0.925662517527002,0.011127703184653281
3178-FESZO,0.9367902207116553,0.7639131928294516,0.17287702788220372
3178-FESZO,0.9367902207116553,0.9260811797255387,0.01070904098611658
9124-LHCJQ,0.9353296881019663,0.8139839972062554,0.1213456908957109
9124-LHCJQ,0.9353296881019663,0.9056257012548031,0.029703986847163133
9124-LHCJQ,0.9353296881019663,0.9303721450707664,0.004957543031199885
9124-LHCJQ,0.9353296881019663,0.6959502373495355,0.23937945075243072
9124-LHCJQ,0.9353296881019663,0.9134754182778981,0.02185426982406813
9124-LHCJQ,0.9353296881019663,0.9092282386164605,0.026101449485505746
9124-LHCJQ,0.9353296881019663,0.5568595324296594,0.3784701556723069
9124-LHCJQ,0.9353296881019663,0.3615023663008576,0.5738273218011087
9124-LHCJQ,0.9353296881019663,0.894568562980679,0.04076112512128727
9124-LHCJQ,0.9353296881019663,0.7878097277878844,0.14751996031408188
9124-LHCJQ,0.9353296881019663,0.8096355733212318,0.12569411478073444
9124-LHCJQ,0.9353296881019663,0.5547783204893717,0.38055136761259456
9124-LHCJQ,0.9353296881019663,0.8113969716338659,0.12393271646810033
9124-LHCJQ,0.9353296881019663,0.7957496505006268,0.1395800376013394
9124-LHCJQ,0.9353296881019663,0.38256313350082666,0.5527665546011395
9124-LHCJQ,0.9353296881019663,0.23278458975108884,0.7025450983508774
9124-LHCJQ,0.9353296881019663,0.6904810295796932,0.2448486585222731
9124-LHCJQ,0.9353296881019663,0.9092100073831283,0.026119680718837968
9124-LHCJQ,0.9353296881019663,0.7006919483743485,0.2346377397276178
9124-LHCJQ,0.9353296881019663,0.879539589276282,0.05579009882568431
6521-YYTYI,0.9349056613686516,0.8431579480872724,0.0917477132813792
6521-YYTYI,0.9349056613686516,0.9109695874086013,0.023936073960050264
6521-YYTYI,0.9349056613686516,0.9322814296230924,0.002624231745559258
6521-YYTYI,0.9349056613686516,0.7638929596544409,0.17101270171421068
6521-YYTYI,0.9349056613686516,0.9162823060353897,0.01862335533326187
6521-YYTYI,0.9349056613686516,0.9043578102722387,0.030547851096412892
6521-YYTYI,0.9349056613686516,0.5813288269367664,0.35357683443188526
6521-YYTYI,0.9349056613686516,0.3941788909116446,0.540726770457007
6521-YYTYI,0.9349056613686516,0.8713946693407447,0.06351099202790689
6521-YYTYI,0.9349056613686516,0.7743168310232158,0.1605888303454358
6521-YYTYI,0.9349056613686516,0.8469853556230617,0.08792030574558996
6521-YYTYI,0.9349056613686516,0.6512178933306876,0.283687768037964
6521-YYTYI,0.9349056613686516,0.8129648239826448,0.1219408373860068
6521-YYTYI,0.9349056613686516,0.8366459427825275,0.09825971858612415
6521-YYTYI,0.9349056613686516,0.42458582801697836,0.5103198333516732
6521-YYTYI,0.9349056613686516,0.2707881773068986,0.664117484061753
6521-YYTYI,0.9349056613686516,0.7243458811422846,0.210559780226367
6521-YYTYI,0.9349056613686516,0.8893927886712655,0.04551287269738613
6521-YYTYI,0.9349056613686516,0.715887140855739,0.2190185205129126
6521-YYTYI,0.9349056613686516,0.8896436934149275,0.04526196795372406
3068-OMWZA,0.9334649836131578,0.820932952437892,0.11253203117526578
3068-OMWZA,0.9334649836131578,0.9159295906014018,0.017535393011755995
3068-OMWZA,0.9334649836131578,0.9279081803661833,0.0055568032469744955
3068-OMWZA,0.9334649836131578,0.7930734563420313,0.14039152727112647
3068-OMWZA,0.9334649836131578,0.9150756899435705,0.018389293669587303
3068-OMWZA,0.9334649836131578,0.9349669230980114,-0.001501939484853665
3068-OMWZA,0.9334649836131578,0.4835099706562796,0.4499550129568782
3068-OMWZA,0.9334649836131578,0.37730242393500224,0.5561625596781555
3068-OMWZA,0.9334649836131578,0.9012761631061732,0.03218882050698457
3068-OMWZA,0.9334649836131578,0.7799704161198938,0.15349456749326396
3068-OMWZA,0.9334649836131578,0.8381780804416049,0.09528690317155286
3068-OMWZA,0.9334649836131578,0.6684106289893622,0.26505435462379556
3068-OMWZA,0.9334649836131578,0.7982960824903996,0.13516890112275814
3068-OMWZA,0.9334649836131578,0.8439471863601004,0.08951779725305742
3068-OMWZA,0.9334649836131578,0.3767545198798498,0.556710463733308
3068-OMWZA,0.9334649836131578,0.2706314669857399,0.6628335166274179
3068-OMWZA,0.9334649836131578,0.7482519783534163,0.1852130052597415
3068-OMWZA,0.9334649836131578,0.8999731717376322,0.03349181187552552
3068-OMWZA,0.9334649836131578,0.7930781230655602,0.14038686054759753
3068-OMWZA,0.9334649836131578,0.9090503568496774,0.024414626763480385
0295-PPHDO,0.9321821038710221,0.8715065056512343,0.06067559821978774
0295-PPHDO,0.9321821038710221,0.9302394842940781,0.0019426195769439714
0295-PPHDO,0.9321821038710221,0.946296091769456,-0.014113987898433877
0295-PPHDO,0.9321821038710221,0.7616100560196514,0.1705720478513707
0295-PPHDO,0.9321821038710221,0.9286383440108487,0.003543759860173412
0295-PPHDO,0.9321821038710221,0.9146279633368032,0.017554140534218887
0295-PPHDO,0.9321821038710221,0.6292746522182694,0.3029074516527527
0295-PPHDO,0.9321821038710221,0.45863626750387826,0.4735458363671438
0295-PPHDO,0.9321821038710221,0.8612046890513346,0.07097741481968745
0295-PPHDO,0.9321821038710221,0.8300737871828704,0.10210831668815168
0295-PPHDO,0.9321821038710221,0.8778404451717882,0.05434165869923391
0295-PPHDO,0.9321821038710221,0.6955531936532027,0.2366289102178194
0295-PPHDO,0.9321821038710221,0.8400675274068456,0.09211457646417642
0295-PPHDO,0.9321821038710221,0.8658428365117965,0.06633926735922557
0295-PPHDO,0.9321821038710221,0.5172878448823277,0.41489425898869436
0295-PPHDO,0.9321821038710221,0.34711046316631283,0.5850716407047092
0295-PPHDO,0.9321821038710221,0.7787464151860629,0.15343568868495916
0295-PPHDO,0.9321821038710221,0.9145348835112914,0.017647220359730653
0295-PPHDO,0.9321821038710221,0.7586581425725852,0.17352396129843684
0295-PPHDO,0.9321821038710221,0.9129608175435727,0.01922128632744935
6567-HOOPW,0.9315323330819293,0.8480232329038863,0.08350910017804303
6567-HOOPW,0.9315323330819293,0.8706754817380499,0.060856851343879415
6567-HOOPW,0.9315323330819293,0.9135935347023527,0.01793879837957657
6567-HOOPW,0.9315323330819293,0.7664352638705939,0.16509706921133538
6567-HOOPW,0.9315323330819293,0.8504156526202816,0.08111668046164766
6567-HOOPW,0.9315323330819293,0.9194327870624114,0.012099546019517904
6567-HOOPW,0.9315323330819293,0.5041554371707653,0.427376895911164
6567-HOOPW,0.9315323330819293,0.39674356684177997,0.5347887662401494
6567-HOOPW,0.9315323330819293,0.9118777299698603,0.019654603112069013
6567-HOOPW,0.9315323330819293,0.7598177144950634,0.17171461858686587
6567-HOOPW,0.9315323330819293,0.8186760774029506,0.11285625567897872
6567-HOOPW,0.9315323330819293,0.6849703759794,0.24656195710252926
6567-HOOPW,0.9315323330819293,0.807316050423203,0.1242162826587263
6567-HOOPW,0.9315323330819293,0.8606901791691737,0.07084215391275561
6567-HOOPW,0.9315323330819293,0.4131833016122473,0.5183490314696819
6567-HOOPW,0.9315323330819293,0.29335560233069796,0.6381767307512314
6567-HOOPW,0.9315323330819293,0.7677410388115705,0.16379129427035877
6567-HOOPW,0.9315323330819293,0.8934334267927132,0.03809890628921608
6567-HOOPW,0.9315323330819293,0.7765798294548727,0.1549525036270566
6567-HOOPW,0.9315323330819293,0.9030582804151175,0.0284740526668118
2012-NWRPA,0.9313746440562402,0.8968411659312293,0.03453347812501084
2012-NWRPA,0.9313746440562402,0.9111786001680091,0.02019604388823104
2012-NWRPA,0.9313746440562402,0.9013087014509037,0.03006594260533646
2012-NWRPA,0.9313746440562402,0.878184999548253,0.05318964450798713
2012-NWRPA,0.9313746440562402,0.8940474710502241,0.03732717300601607
2012-NWRPA,0.9313746440562402,0.8816646977030752,0.04970994635316495
2012-NWRPA,0.9313746440562402,0.598986923123019,0.3323877209332211
2012-NWRPA,0.9313746440562402,0.4555078430641186,0.47586680099212153
2012-NWRPA,0.9313746440562402,0.8174748490442975,0.1138997950119427
2012-NWRPA,0.9313746440562402,0.8669359194440447,0.06443872461219546
2012-NWRPA,0.9313746440562402,0.8962981477491105,0.03507649630712961
2012-NWRPA,0.9313746440562402,0.8606183019986573,0.07075634205758285
2012-NWRPA,0.9313746440562402,0.8155033960282901,0.11587124802795001
2012-NWRPA,0.9313746440562402,0.8361917551674165,0.09518288888882365
2012-NWRPA,0.9313746440562402,0.5486126876183738,0.38276195643786637
2012-NWRPA,0.9313746440562402,0.36192796604053484,0.5694466780157053
2012-NWRPA,0.9313746440562402,0.8050849036517987,0.1262897404044414
2012-NWRPA,0.9313746440562402,0.9158795835333859,0.01549506052285421
2012-NWRPA,0.9313746440562402,0.8586949541096184,0.07267968994662177
2012-NWRPA,0.9313746440562402,0.8683096351612273,0.06306500889501288
5178-LMXOP,0.9308381414748564,0.9007266368520916,0.030111504622764795
5178-LMXOP,0.9308381414748564,0.926404288347776,0.004433853127080445
5178-LMXOP,0.9308381414748564,0.9339022164999502,-0.00306407502509376
5178-LMXOP,0.9308381414748564,0.745385872536431,0.18545226893842548
5178-LMXOP,0.9308381414748564,0.9239054015955889,0.006932739879267569
5178-LMXOP,0.9308381414748564,0.9348249377127956,-0.003986796237939183
5178-LMXOP,0.9308381414748564,0.609850390498972,0.3209877509758844
5178-LMXOP,0.9308381414748564,0.4548731826112091,0.4759649588636473
5178-LMXOP,0.9308381414748564,0.871329999039976,0.05950814243488045
5178-LMXOP,0.9308381414748564,0.8507186667159704,0.08011947475888603
5178-LMXOP,0.9308381414748564,0.8914527864578785,0.03938535501697793
5178-LMXOP,0.9308381414748564,0.7200952246486723,0.21074291682618418
5178-LMXOP,0.9308381414748564,0.840045726122241,0.0907924153526154
5178-LMXOP,0.9308381414748564,0.8876202909038217,0.04321785057103478
5178-LMXOP,0.9308381414748564,0.5507028874255776,0.38013525404927884
5178-LMXOP,0.9308381414748564,0.3668891312174652,0.5639490102573912
5178-LMXOP,0.9308381414748564,0.798984597456175,0.13185354401868143
5178-LMXOP,0.9308381414748564,0.9079264975907754,0.022911643884081068
5178-LMXOP,0.9308381414748564,0.7485648791742716,0.18227326230058483
5178-LMXOP,0.9308381414748564,0.920686373570339,0.01015176790451744
1069-XAIEM,0.9302592414592259,0.801079697902548,0.12917954355667793
1069-XAIEM,0.9302592414592259,0.9216079834122727,0.008651258046953214
1069-XAIEM,0.9302592414592259,0.9405846590376649,-0.010325417578438967
1069-XAIEM,0.9302592414592259,0.739315551505204,0.1909436899540219
1069-XAIEM,0.9302592414592259,0.9080252130482274,0.02223402841099853
1069-XAIEM,0.9302592414592259,0.8938431313666797,0.036416110092546194
1069-XAIEM,0.9302592414592259,0.5259781962667023,0.4042810451925236
1069-XAIEM,0.9302592414592259,0.3948528793486525,0.5354063621105734
1069-XAIEM,0.9302592414592259,0.8760171505823848,0.054242090876841065
1069-XAIEM,0.9302592414592259,0.8065503107109224,0.12370893074830347
1069-XAIEM,0.9302592414592259,0.8136205480682044,0.11663869339102151
1069-XAIEM,0.9302592414592259,0.6233057532182096,0.3069534882410163
1069-XAIEM,0.9302592414592259,0.8431900429907476,0.08706919846847827
1069-XAIEM,0.9302592414592259,0.7764877182087694,0.1537715232504565
1069-XAIEM,0.9302592414592259,0.40401852405270505,0.5262407174065209
1069-XAIEM,0.9302592414592259,0.272115152703813,0.6581440887554129
1069-XAIEM,0.9302592414592259,0.7268108638910169,0.203448377568209
1069-XAIEM,0.9302592414592259,0.9220304098195201,0.00822883163970578
1069-XAIEM,0.9302592414592259,0.7635678247534422,0.1666914167057837
1069-XAIEM,0.9302592414592259,0.9005383240714466,0.029720917387779267
0495-RVCBF,0.9296704184837651,0.7964689822860392,0.13320143619772584
0495-RVCBF,0.9296704184837651,0.8930727620402966,0.03659765644346846
0495-RVCBF,0.9296704184837651,0.9162173423989733,0.013453076084791737
0495-RVCBF,0.9296704184837651,0.7245389781414368,0.20513144034232833
0495-RVCBF,0.9296704184837651,0.9241248144595633,0.005545604024201789
0495-RVCBF,0.9296704184837651,0.8950559756788428,0.03461444280492232
0495-RVCBF,0.9296704184837651,0.5222677941918903,0.4074026242918748
0495-RVCBF,0.9296704184837651,0.3786554596077572,0.5510149588760078
0495-RVCBF,0.9296704184837651,0.9022322594588724,0.02743815902489266
0495-RVCBF,0.9296704184837651,0.7879660351901348,0.14170438329363033
0495-RVCBF,0.9296704184837651,0.7767269886910633,0.1529434297927018
0495-RVCBF,0.9296704184837651,0.5761040254918799,0.3535663929918852
0495-RVCBF,0.9296704184837651,0.8442465000915552,0.08542391839220986
0495-RVCBF,0.9296704184837651,0.7886394827494065,0.14103093573435854
0495-RVCBF,0.9296704184837651,0.40753508497737956,0.5221353335063855
0495-RVCBF,0.9296704184837651,0.2609361366672003,0.6687342818165648
0495-RVCBF,0.9296704184837651,0.699338280409853,0.23033213807391206
0495-RVCBF,0.9296704184837651,0.8886655849271544,0.041004833556610665
0495-RVCBF,0.9296704184837651,0.7439979052280807,0.18567251325568435
0495-RVCBF,0.9296704184837651,0.8940400528879943,0.03563036559577082
7024-OHCCK,0.9295928656189719,0.867027636044007,0.06256522957496491
7024-OHCCK,0.9295928656189719,0.9058889531494004,0.023703912469571486
7024-OHCCK,0.9295928656189719,0.9259208770992348,0.003671988519737157
7024-OHCCK,0.9295928656189719,0.8409809809562369,0.08861188466273506
7024-OHCCK,0.9295928656189719,0.9188761058659121,0.010716759753059857
7024-OHCCK,0.9295928656189719,0.9193288049238674,0.010264060695104549
7024-OHCCK,0.9295928656189719,0.5730828084466209,0.35651005717235107
7024-OHCCK,0.9295928656189719,0.4573505222777529,0.472242343341219
7024-OHCCK,0.9295928656189719,0.8286925663058048,0.10090029931316713
7024-OHCCK,0.9295928656189719,0.8065240922909408,0.12306877332803112
7024-OHCCK,0.9295928656189719,0.8658055478505003,0.06378731776847157
7024-OHCCK,0.9295928656189719,0.7936916759469076,0.13590118967206433
7024-OHCCK,0.9295928656189719,0.7863108504794639,0.143282015139508
7024-OHCCK,0.9295928656189719,0.8292942537077952,0.10029861191117673
7024-OHCCK,0.9295928656189719,0.4823228775193085,0.4472699880996634
7024-OHCCK,0.9295928656189719,0.3389298563349816,0.5906630092839903
7024-OHCCK,0.9295928656189719,0.7587926985123744,0.1708001671065975
7024-OHCCK,0.9295928656189719,0.9030756678321478,0.026517197786824154
7024-OHCCK,0.9295928656189719,0.8319648940768868,0.09762797154208513
7024-OHCCK,0.9295928656189719,0.9019165491436297,0.02767631647534219
8058-INTPH,0.9295324488803165,0.8197996009894958,0.10973284789082072
8058-INTPH,0.9295324488803165,0.8913475170247712,0.03818493185554528
8058-INTPH,0.9295324488803165,0.9210697328692508,0.00846271601106574
8058-INTPH,0.9295324488803165,0.7889415922702033,0.14059085661011317
8058-INTPH,0.9295324488803165,0.8950559756788428,0.034476473201473734
8058-INTPH,0.9295324488803165,0.9241248144595633,0.0054076344207532046
8058-INTPH,0.9295324488803165,0.5122424956056791,0.41728995327463736
8058-INTPH,0.9295324488803165,0.3878326978668549,0.5416997510134616
8058-INTPH,0.9295324488803165,0.9068958497338734,0.022636599146443115
8058-INTPH,0.9295324488803165,0.74343595510669,0.18609649377362647
8058-INTPH,0.9295324488803165,0.7867265363411368,0.14280591253917974
8058-INTPH,0.9295324488803165,0.6559884747716581,0.2735439741086584
8058-INTPH,0.9295324488803165,0.7903061494160731,0.13922629946424336
8058-INTPH,0.9295324488803165,0.8442465000915552,0.08528594878876128
8058-INTPH,0.9295324488803165,0.3906492601457395,0.5388831887345771
8058-INTPH,0.9295324488803165,0.26562628273676736,0.6639061661435491
8058-INTPH,0.9295324488803165,0.7327063902679335,0.196826058612383
8058-INTPH,0.9295324488803165,0.898612467960461,0.030919980919855483
8058-INTPH,0.9295324488803165,0.7855301013833857,0.14400234749693075
8058-INTPH,0.9295324488803165,0.9120351253465673,0.01749732353374922
3158-MOERK,0.9290264636869625,0.8639125434576448,0.06511392022931772
3158-MOERK,0.9290264636869625,0.89746048203997,0.031565981646992536
3158-MOERK,0.9290264636869625,0.9361964315630763,-0.007169967876113792
3158-MOERK,0.9290264636869625,0.8445907876006175,0.08443567608634506
3158-MOERK,0.9290264636869625,0.9136829661299077,0.015343497557054775
3158-MOERK,0.9290264636869625,0.8947722392339102,0.03425422445305226
3158-MOERK,0.9290264636869625,0.5903102163309972,0.3387162473559653
3158-MOERK,0.9290264636869625,0.45885197876333145,0.47017448492363106
3158-MOERK,0.9290264636869625,0.7310127881118181,0.19801367557514438
3158-MOERK,0.9290264636869625,0.7958907887213179,0.1331356749656446
3158-MOERK,0.9290264636869625,0.8702980634266662,0.058728400260296354
3158-MOERK,0.9290264636869625,0.7940334260555743,0.13499303763138826
3158-MOERK,0.9290264636869625,0.7748251375238776,0.1542013261630849
3158-MOERK,0.9290264636869625,0.8166559488044974,0.11237051488246508
3158-MOERK,0.9290264636869625,0.4884816037078736,0.44054485997908893
3158-MOERK,0.9290264636869625,0.3459964489809124,0.5830300147060501
3158-MOERK,0.9290264636869625,0.6433806852682085,0.28564577841875405
3158-MOERK,0.9290264636869625,0.9058983453805154,0.02312811830644712
3158-MOERK,0.9290264636869625,0.8367935065256201,0.09223295716134239
3158-MOERK,0.9290264636869625,0.8907896611834291,0.03823680250353345
4424-TKOPW,0.9282551589041875,0.8313349582397587,0.09692020066442886
4424-TKOPW,0.9282551589041875,0.9023868209418703,0.025868337962317245
4424-TKOPW,0.9282551589041875,0.9180351136388284,0.010220045265359134
4424-TKOPW,0.9282551589041875,0.8362229324145988,0.09203222648958875
4424-TKOPW,0.9282551589041875,0.9121606927246351,0.016094466179552458
4424-TKOPW,0.9282551589041875,0.9168293576449885,0.011425801259199009
4424-TKOPW,0.9282551589041875,0.5863761400313358,0.34187901887285177
4424-TKOPW,0.9282551589041875,0.4452248507840692,0.4830303081201183
4424-TKOPW,0.9282551589041875,0.8277265587251489,0.10052860017903864
4424-TKOPW,0.9282551589041875,0.7717650258192742,0.15649013308491333
4424-TKOPW,0.9282551589041875,0.8352262098644333,0.09302894903975423
4424-TKOPW,0.9282551589041875,0.768512601533192,0.15974255737099552
4424-TKOPW,0.9282551589041875,0.760456105617814,0.16779905328637357
4424-TKOPW,0.9282551589041875,0.8176622517862603,0.11059290711792724
4424-TKOPW,0.9282551589041875,0.470175708955197,0.4580794499489905
4424-TKOPW,0.9282551589041875,0.3160097386181307,0.6122454202860568
4424-TKOPW,0.9282551589041875,0.7240862028834157,0.20416895602077179
4424-TKOPW,0.9282551589041875,0.893168504337877,0.03508665456631055
4424-TKOPW,0.9282551589041875,0.8024196280495826,0.12583553085460497
4424-TKOPW,0.9282551589041875,0.8846023754242368,0.04365278347995072
4826-XTSOH,0.9274421896638722,0.8451608090818433,0.08228138058202883
4826-XTSOH,0.9274421896638722,0.9112818513183206,0.016160338345551528
4826-XTSOH,0.9274421896638722,0.9185944433121526,0.008847746351719588
4826-XTSOH,0.9274421896638722,0.8025388789459443,0.12490331071792782
4826-XTSOH,0.9274421896638722,0.9173185312464783,0.010123658417393822
4826-XTSOH,0.9274421896638722,0.927400204542205,4.198512166719848e-05
4826-XTSOH,0.9274421896638722,0.4888657584218688,0.43857643124200335
4826-XTSOH,0.9274421896638722,0.3771079898812899,0.5503341997825822
4826-XTSOH,0.9274421896638722,0.8808802171260254,0.046561972537846774
4826-XTSOH,0.9274421896638722,0.7793266025944514,0.14811558706942074
4826-XTSOH,0.9274421896638722,0.8185951327026828,0.10884705696118935
4826-XTSOH,0.9274421896638722,0.6810791793193434,0.2463630103445288
4826-XTSOH,0.9274421896638722,0.8441886193876688,0.08325357027620339
4826-XTSOH,0.9274421896638722,0.8388132389135535,0.08862895075031862
4826-XTSOH,0.9274421896638722,0.3866306487241192,0.5408115409397529
4826-XTSOH,0.9274421896638722,0.2861522213201968,0.6412899683436754
4826-XTSOH,0.9274421896638722,0.7344103749606293,0.19303181470324282
4826-XTSOH,0.9274421896638722,0.9094587037351501,0.01798348592872201
4826-XTSOH,0.9274421896638722,0.7976982877412375,0.12974390192263463
4826-XTSOH,0.9274421896638722,0.9076109015474813,0.0198312881163909
9282-IZGQK,0.9272525755926986,0.7704848874903286,0.15676768810236996
9282-IZGQK,0.9272525755926986,0.906536278022935,0.020716297569763564
9282-IZGQK,0.9272525755926986,0.9292391583828626,-0.00198658279016406
9282-IZGQK,0.9272525755926986,0.7206727737351954,0.20657980185750313
9282-IZGQK,0.9272525755926986,0.8931908751198637,0.034061700472834855
9282-IZGQK,0.9272525755926986,0.8768090168762077,0.050443558716490866
9282-IZGQK,0.9272525755926986,0.5158614939463617,0.41139108164633686
9282-IZGQK,0.9272525755926986,0.37441240808447107,0.5528401675082275
9282-IZGQK,0.9272525755926986,0.8708042159961575,0.05644835959654104
9282-IZGQK,0.9272525755926986,0.7789818739700829,0.14827070162261569
9282-IZGQK,0.9272525755926986,0.7799666225864584,0.14728595300624014
9282-IZGQK,0.9272525755926986,0.5753764523954836,0.35187612319721495
9282-IZGQK,0.9272525755926986,0.8106476574125544,0.11660491818014418
9282-IZGQK,0.9272525755926986,0.7471799039983216,0.180072671594377
9282-IZGQK,0.9272525755926986,0.367237276972487,0.5600152986202116
9282-IZGQK,0.9272525755926986,0.24185835440815892,0.6853942211845396
9282-IZGQK,0.9272525755926986,0.6758595157061081,0.25139305988659044
9282-IZGQK,0.9272525755926986,0.9104932173696731,0.016759358223025433
9282-IZGQK,0.9272525755926986,0.7484409653970402,0.1788116101956584
9282-IZGQK,0.9272525755926986,0.8802705399645241,0.04698203562817449
8603-IJWDN,0.9263754167108998,0.7703888256028094,0.15598659110809043
8603-IJWDN,0.9263754167108998,0.8998399722685817,0.026535444442318146
8603-IJWDN,0.9263754167108998,0.9152014505274568,0.011173966183443018
8603-IJWDN,0.9263754167108998,0.7232122203032558,0.20316319640764402
8603-IJWDN,0.9263754167108998,0.9249066358449967,0.0014687808659031854
8603-IJWDN,0.9263754167108998,0.9085000893960453,0.017875327314854528
8603-IJWDN,0.9263754167108998,0.5219408160325535,0.40443460067834636
8603-IJWDN,0.9263754167108998,0.3613034682773224,0.5650719484335774
8603-IJWDN,0.9263754167108998,0.8597318166735911,0.06664360003730874
8603-IJWDN,0.9263754167108998,0.7526603485895255,0.17371506812137438
8603-IJWDN,0.9263754167108998,0.7533665310814116,0.17300888562948824
8603-IJWDN,0.9263754167108998,0.5485149205536183,0.37786049615728157
8603-IJWDN,0.9263754167108998,0.8009293717272428,0.12544604498365708
8603-IJWDN,0.9263754167108998,0.8043501888314758,0.12202522787942405
8603-IJWDN,0.9263754167108998,0.36545216042492173,0.5609232562859781
8603-IJWDN,0.9263754167108998,0.24062411515823334,0.6857513015526665
8603-IJWDN,0.9263754167108998,0.6537995477818647,0.2725758689290352
8603-IJWDN,0.9263754167108998,0.8792058899686946,0.0471695267422052
8603-IJWDN,0.9263754167108998,0.7337005837117475,0.19267483299915233
8603-IJWDN,0.9263754167108998,0.9052355207266373,0.02113989598426258
3988-RQIXO,0.926204873706593,0.8532217265097614,0.07298314719683163
3988-RQIXO,0.926204873706593,0.9035346473067283,0.022670226399864712
3988-RQIXO,0.926204873706593,0.922600926943364,0.003603946763228949
3988-RQIXO,0.926204873706593,0.6862808164869335,0.23992405721965948
3988-RQIXO,0.926204873706593,0.9049271328129489,0.021277740893644093
3988-RQIXO,0.926204873706593,0.9001488135398028,0.026056060166790185
3988-RQIXO,0.926204873706593,0.534457139986992,0.39174773371960103
3988-RQIXO,0.926204873706593,0.40241141059445856,0.5237934631121344
3988-RQIXO,0.926204873706593,0.8975021292356559,0.028702744470937125
3988-RQIXO,0.926204873706593,0.763200615334481,0.16300425837211197
3988-RQIXO,0.926204873706593,0.8436006733855878,0.08260420032100524
3988-RQIXO,0.926204873706593,0.6465162613678479,0.2796886123387451
3988-RQIXO,0.926204873706593,0.80066530722719,0.125539566479403
3988-RQIXO,0.926204873706593,0.8175736496479682,0.1086312240586248
3988-RQIXO,0.926204873706593,0.4332423717018549,0.49296250200473807
3988-RQIXO,0.926204873706593,0.3013906014046492,0.6248142723019439
3988-RQIXO,0.926204873706593,0.779766843621918,0.14643803008467504
3988-RQIXO,0.926204873706593,0.9058510303892836,0.020353843317309384
3988-RQIXO,0.926204873706593,0.7475139299916602,0.17869094371493277
3988-RQIXO,0.926204873706593,0.917812735654608,0.00839213805198502
9305-CDSKC,0.9259502011259589,0.8744128893512754,0.05153731177468357
9305-CDSKC,0.9259502011259589,0.8884390832634234,0.03751111786253558
9305-CDSKC,0.9259502011259589,0.9263008751193875,-0.0003506739934285852
9305-CDSKC,0.9259502011259589,0.8267958770294266,0.09915432409653235
9305-CDSKC,0.9259502011259589,0.8817547975428052,0.04419540358315377
9305-CDSKC,0.9259502011259589,0.849393836885327,0.07655636424063195
9305-CDSKC,0.9259502011259589,0.575542568623549,0.3504076325024099
9305-CDSKC,0.9259502011259589,0.43451312577119,0.49143707535476894
9305-CDSKC,0.9259502011259589,0.8242630693215358,0.10168713180442313
9305-CDSKC,0.9259502011259589,0.8544468987121944,0.07150330241376457
9305-CDSKC,0.9259502011259589,0.881979188789752,0.04397101233620693
9305-CDSKC,0.9259502011259589,0.8302194310094985,0.09573077011646047
9305-CDSKC,0.9259502011259589,0.785842630570988,0.14010757055497092
9305-CDSKC,0.9259502011259589,0.797527470830168,0.128422730295791
9305-CDSKC,0.9259502011259589,0.5139617525138148,0.4119884486121441
9305-CDSKC,0.9259502011259589,0.3261887236994616,0.5997614774264973
9305-CDSKC,0.9259502011259589,0.772818109710251,0.15313209141570794
9305-CDSKC,0.9259502011259589,0.8902165748329426,0.03573362629301635
9305-CDSKC,0.9259502011259589,0.8253549105627008,0.10059529056325811
9305-CDSKC,0.9259502011259589,0.8596342671376656,0.06631593398829339
2720-WGKHP,0.9250552759911356,0.8283267854573874,0.09672849053374821
2720-WGKHP,0.9250552759911356,0.9023868209418703,0.02266845504926529
2720-WGKHP,0.9250552759911356,0.9149532293922293,0.010102046598906234
2720-WGKHP,0.9250552759911356,0.8287610513019416,0.09629422468919402
2720-WGKHP,0.9250552759911356,0.9085011575428542,0.016554118448281363
2720-WGKHP,0.9250552759911356,0.9134223779850701,0.011632898006065484
2720-WGKHP,0.9250552759911356,0.5791428309938216,0.345912444997314
2720-WGKHP,0.9250552759911356,0.4383872051457202,0.48666807084541536
2720-WGKHP,0.9250552759911356,0.8268247673638457,0.09823050862728988
2720-WGKHP,0.9250552759911356,0.7734316924859409,0.15162358350519467
2720-WGKHP,0.9250552759911356,0.8306917677991219,0.09436350819201367
2720-WGKHP,0.9250552759911356,0.761157691738881,0.16389758425225454
2720-WGKHP,0.9250552759911356,0.7585923445439179,0.1664629314472177
2720-WGKHP,0.9250552759911356,0.816080545876895,0.10897473011424053
2720-WGKHP,0.9250552759911356,0.4627870426766296,0.46226823331450595
2720-WGKHP,0.9250552759911356,0.31017941407045063,0.6148758619206849
2720-WGKHP,0.9250552759911356,0.7235006487386632,0.20155462725247242
2720-WGKHP,0.9250552759911356,0.893168504337877,0.031886771653258594
2720-WGKHP,0.9250552759911356,0.8024196280495826,0.12263564794155302
2720-WGKHP,0.9250552759911356,0.8846023754242368,0.040452900566898764
5240-IJOQT,0.924935925279494,0.8524922791716,0.072443646107894
5240-IJOQT,0.924935925279494,0.8982325869856808,0.026703338293813217
5240-IJOQT,0.924935925279494,0.9040196392049445,0.02091628607454943
5240-IJOQT,0.924935925279494,0.7480000581465133,0.1769358671329807
5240-IJOQT,0.924935925279494,0.8960626669760016,0.02887325830349241
5240-IJOQT,0.924935925279494,0.9171105531852858,0.007825372094208194
5240-IJOQT,0.924935925279494,0.45765264944607537,0.4672832758334186
5240-IJOQT,0.924935925279494,0.35136335948082237,0.5735725657986717
5240-IJOQT,0.924935925279494,0.8367685227477061,0.0881674025317879
5240-IJOQT,0.924935925279494,0.8006907105850863,0.12424521469440764
5240-IJOQT,0.924935925279494,0.815164929311815,0.10977099596767903
5240-IJOQT,0.924935925279494,0.6669269495426051,0.25800897573688886
5240-IJOQT,0.924935925279494,0.8368233159483435,0.0881126093311505
5240-IJOQT,0.924935925279494,0.8218591064654143,0.10307681881407971
5240-IJOQT,0.924935925279494,0.38255549932163807,0.542380425957856
5240-IJOQT,0.924935925279494,0.2853913504770213,0.6395445748024726
5240-IJOQT,0.924935925279494,0.6920848318202154,0.23285109345927857
5240-IJOQT,0.924935925279494,0.8946872818728764,0.030248643406617592
5240-IJOQT,0.924935925279494,0.7481464569803444,0.17678946829914954
5240-IJOQT,0.924935925279494,0.8778828725347282,0.04705305274476579
4988-IQIGL,0.9241218251729367,0.8496406920350136,0.07448113313792315
4988-IQIGL,0.9241218251729367,0.9030746545452409,0.021047170627695788
4988-IQIGL,0.9241218251729367,0.9015524622907295,0.022569362882207233
4988-IQIGL,0.9241218251729367,0.7747792401037582,0.14934258506917852
4988-IQIGL,0.9241218251729367,0.8952833362455633,0.028838488927373396
4988-IQIGL,0.9241218251729367,0.9163909065724827,0.007730918600454051
4988-IQIGL,0.9241218251729367,0.4553822687901509,0.4687395563827858
4988-IQIGL,0.9241218251729367,0.3493231421606981,0.5747986830122387
4988-IQIGL,0.9241218251729367,0.850511500525823,0.0736103246471137
4988-IQIGL,0.9241218251729367,0.7987959766792941,0.1253258484936426
4988-IQIGL,0.9241218251729367,0.8123201569729478,0.11180166819998894
4988-IQIGL,0.9241218251729367,0.6716417031703822,0.25248012200255454
4988-IQIGL,0.9241218251729367,0.8340589900117082,0.09006283516122848
4988-IQIGL,0.9241218251729367,0.8191166355651966,0.10500518960774008
4988-IQIGL,0.9241218251729367,0.37721419478100393,0.5469076303919328
4988-IQIGL,0.9241218251729367,0.28061224191296236,0.6435095832599744
4988-IQIGL,0.9241218251729367,0.6918874426943914,0.23223438247854533
4988-IQIGL,0.9241218251729367,0.8962058508654911,0.027915974307445635
4988-IQIGL,0.9241218251729367,0.7711975225842364,0.15292430258870038
4988-IQIGL,0.9241218251729367,0.8810638563960156,0.04305796877692114
6861-XWTWQ,0.9238446512476793,0.855539414285126,0.0683052369625533
6861-XWTWQ,0.9238446512476793,0.8952215749993494,0.028623076248329937
6861-XWTWQ,0.9238446512476793,0.9087732846196683,0.015071366628011007
6861-XWTWQ,0.9238446512476793,0.8340876705543269,0.08975698069335247
6861-XWTWQ,0.9238446512476793,0.8811022632764033,0.04274238797127605
6861-XWTWQ,0.9238446512476793,0.8868627357992441,0.03698191544843521
6861-XWTWQ,0.9238446512476793,0.591189280482667,0.3326553707650124
6861-XWTWQ,0.9238446512476793,0.415828011457352,0.5080166397903274
6861-XWTWQ,0.9238446512476793,0.8394474138411926,0.08439723740648675
6861-XWTWQ,0.9238446512476793,0.8473539546133475,0.07649069663433183
6861-XWTWQ,0.9238446512476793,0.8682391105080671,0.055605540739612214
6861-XWTWQ,0.9238446512476793,0.8089388318565222,0.11490581939115718
6861-XWTWQ,0.9238446512476793,0.7537344649141368,0.17011018633354258
6861-XWTWQ,0.9238446512476793,0.7850499254498103,0.138794725797869
6861-XWTWQ,0.9238446512476793,0.5200236751529516,0.4038209760947278
6861-XWTWQ,0.9238446512476793,0.32565887661375936,0.59818577463392
6861-XWTWQ,0.9238446512476793,0.7855327255969616,0.1383119256507177
6861-XWTWQ,0.9238446512476793,0.9182445866837673,0.005600064563912044
6861-XWTWQ,0.9238446512476793,0.8403305825434749,0.08351406870420441
6861-XWTWQ,0.9238446512476793,0.8515356349277837,0.07230901631989561
4102-OQUPX,0.9236210865521787,0.8639135948416135,0.05970749171056522
4102-OQUPX,0.9236210865521787,0.9038571045854225,0.019763981966756217
4102-OQUPX,0.9236210865521787,0.861761177888518,0.061859908663660645
4102-OQUPX,0.9236210865521787,0.7638282877327965,0.15979279881938213
4102-OQUPX,0.9236210865521787,0.9064705232814418,0.01715056327073683
4102-OQUPX,0.9236210865521787,0.9024853305023329,0.021135756049845744
4102-OQUPX,0.9236210865521787,0.44901455080881236,0.4746065357433663
4102-OQUPX,0.9236210865521787,0.3480309265749895,0.5755901599771891
4102-OQUPX,0.9236210865521787,0.8622977738463389,0.061323312705839794
4102-OQUPX,0.9236210865521787,0.8099272331007011,0.11369385345147753
4102-OQUPX,0.9236210865521787,0.823945218008104,0.09967586854407462
4102-OQUPX,0.9236210865521787,0.6604520938017401,0.2631689927504386
4102-OQUPX,0.9236210865521787,0.8417183537583511,0.08190273279382754
4102-OQUPX,0.9236210865521787,0.8124549391311756,0.11116614742100306
4102-OQUPX,0.9236210865521787,0.3893440904681072,0.5342769960840714
4102-OQUPX,0.9236210865521787,0.28904081671345366,0.6345802698387251
4102-OQUPX,0.9236210865521787,0.7203975832723435,0.20322350327983518
4102-OQUPX,0.9236210865521787,0.8710153726995467,0.05260571385263202
4102-OQUPX,0.9236210865521787,0.7625990065968402,0.16102207995533846
4102-OQUPX,0.9236210865521787,0.8884853165476881,0.03513577000449053
3551-HUAZH,0.9232392194613177,0.8516933003660582,0.07154591909525954
3551-HUAZH,0.9232392194613177,0.9067662713983191,0.016472948062998594
3551-HUAZH,0.9232392194613177,0.9006845193217252,0.022554700139592487
3551-HUAZH,0.9232392194613177,0.7447722282133468,0.17846699124797094
3551-HUAZH,0.9232392194613177,0.8944381225144333,0.028801096946884375
3551-HUAZH,0.9232392194613177,0.9156101651987848,0.007629054262532908
3551-HUAZH,0.9232392194613177,0.4529857845740966,0.4702534348872211
3551-HUAZH,0.9232392194613177,0.3437960332529985,0.5794431862083191
3551-HUAZH,0.9232392194613177,0.8341537861906992,0.08908543327061846
3551-HUAZH,0.9232392194613177,0.8026468770114271,0.12059234244989059
3551-HUAZH,0.9232392194613177,0.8127134498768479,0.1105257695844698
3551-HUAZH,0.9232392194613177,0.6645504146037929,0.25868880485752477
3551-HUAZH,0.9232392194613177,0.8362049789529008,0.0870342405084169
3551-HUAZH,0.9232392194613177,0.8212860888682157,0.10195313059310196
3551-HUAZH,0.9232392194613177,0.3801086209678834,0.5431305984934343
3551-HUAZH,0.9232392194613177,0.2817493393908752,0.6414898800704425
3551-HUAZH,0.9232392194613177,0.6898876273893174,0.2333515920720003
3551-HUAZH,0.9232392194613177,0.8998751159767785,0.02336410348453921
3551-HUAZH,0.9232392194613177,0.751838232779142,0.17140098668217574
3551-HUAZH,0.9232392194613177,0.8814094639946383,0.04182975546667944
8740-CRYFY,0.9227221664808662,0.8425666947961178,0.08015547168474846
8740-CRYFY,0.9227221664808662,0.8855323143913262,0.037189852089540065
8740-CRYFY,0.9227221664808662,0.9127245913870873,0.009997575093778965
8740-CRYFY,0.9227221664808662,0.7941839362207802,0.12853823026008604
8740-CRYFY,0.9227221664808662,0.8698170242498214,0.05290514223104481
8740-CRYFY,0.9227221664808662,0.913201107485396,0.009521058995470288
8740-CRYFY,0.9227221664808662,0.5042022728652397,0.4185198936156266
8740-CRYFY,0.9227221664808662,0.3607109174631842,0.5620112490176821
8740-CRYFY,0.9227221664808662,0.8967310551674285,0.025991111313437787
8740-CRYFY,0.9227221664808662,0.7535906306121415,0.16913153586872476
8740-CRYFY,0.9227221664808662,0.7946241724739673,0.12809799400689892
8740-CRYFY,0.9227221664808662,0.6627597196989569,0.2599624467819094
8740-CRYFY,0.9227221664808662,0.8327777672251595,0.08994439925570674
8740-CRYFY,0.9227221664808662,0.835786288521105,0.08693587795976121
8740-CRYFY,0.9227221664808662,0.3854235420266763,0.53729862445419
8740-CRYFY,0.9227221664808662,0.26603603706728635,0.65668612941358
8740-CRYFY,0.9227221664808662,0.7110572866408709,0.21166487983999538
8740-CRYFY,0.9227221664808662,0.8947841470169408,0.02793801946392549
8740-CRYFY,0.9227221664808662,0.774145158660434,0.14857700782043226
8740-CRYFY,0.9227221664808662,0.8628076866870632,0.059914479793803044
5960-WPXQM,0.9227221664808662,0.8425666947961178,0.08015547168474846
5960-WPXQM,0.9227221664808662,0.8855323143913262,0.037189852089540065
5960-WPXQM,0.9227221664808662,0.9127245913870873,0.009997575093778965
5960-WPXQM,0.9227221664808662,0.7941839362207802,0.12853823026008604
5960-WPXQM,0.9227221664808662,0.8698170242498214,0.05290514223104481
5960-WPXQM,0.9227221664808662,0.9165344408187294,0.006187725662136878
5960-WPXQM,0.9227221664808662,0.5042022728652397,0.4185198936156266
5960-WPXQM,0.9227221664808662,0.3607109174631842,0.5620112490176821
5960-WPXQM,0.9227221664808662,0.8967310551674285,0.025991111313437787
5960-WPXQM,0.9227221664808662,0.7535906306121415,0.16913153586872476
5960-WPXQM,0.9227221664808662,0.7946241724739673,0.12809799400689892
5960-WPXQM,0.9227221664808662,0.6627597196989569,0.2599624467819094
5960-WPXQM,0.9227221664808662,0.8327777672251595,0.08994439925570674
5960-WPXQM,0.9227221664808662,0.8374529551877717,0.0852692112930945
5960-WPXQM,0.9227221664808662,0.3854235420266763,0.53729862445419
5960-WPXQM,0.9227221664808662,0.26603603706728635,0.65668612941358
5960-WPXQM,0.9227221664808662,0.7110572866408709,0.21166487983999538
5960-WPXQM,0.9227221664808662,0.8947841470169408,0.02793801946392549
5960-WPXQM,0.9227221664808662,0.774145158660434,0.14857700782043226
5960-WPXQM,0.9227221664808662,0.8628076866870632,0.059914479793803044
2868-MZAGQ,0.9219702740795976,0.8226528909676736,0.09931738311192406
2868-MZAGQ,0.9219702740795976,0.8695833051424459,0.05238696893715178
2868-MZAGQ,0.9219702740795976,0.9086518825458514,0.013318391533746254
2868-MZAGQ,0.9219702740795976,0.7355173917607288,0.1864528823188688
2868-MZAGQ,0.9219702740795976,0.9165344408187294,0.0054358332608682725
2868-MZAGQ,0.9219702740795976,0.8698170242498214,0.052153249829776205
2868-MZAGQ,0.9219702740795976,0.5250741672458005,0.39689610683379717
2868-MZAGQ,0.9219702740795976,0.3604386123333259,0.5615316617462718
2868-MZAGQ,0.9219702740795976,0.8956989523197761,0.026271321759821498
2868-MZAGQ,0.9219702740795976,0.7730750280719283,0.14889524600766935
2868-MZAGQ,0.9219702740795976,0.7763674588747588,0.14560281520483886
2868-MZAGQ,0.9219702740795976,0.5693351529258048,0.3526351211537928
2868-MZAGQ,0.9219702740795976,0.8374529551877717,0.0845173188918259
2868-MZAGQ,0.9219702740795976,0.8311111005584929,0.09085917352110473
2868-MZAGQ,0.9219702740795976,0.4000872386706728,0.5218830354089248
2868-MZAGQ,0.9219702740795976,0.25745432435626975,0.664515949723328
2868-MZAGQ,0.9219702740795976,0.6921877461461742,0.22978252793342346
2868-MZAGQ,0.9219702740795976,0.8738760718862163,0.04809420219338134
2868-MZAGQ,0.9219702740795976,0.7154306349342905,0.20653963914530715
2868-MZAGQ,0.9219702740795976,0.883973572737872,0.037996701341725614
5192-EBGOV,0.9218751609586731,0.8217078733795197,0.10016728757915339
5192-EBGOV,0.9218751609586731,0.8954564216023155,0.026418739356357523
5192-EBGOV,0.9218751609586731,0.9191380920539373,0.0027370689047357954
5192-EBGOV,0.9218751609586731,0.8012777139597359,0.12059744699893715
5192-EBGOV,0.9218751609586731,0.913057894829605,0.00881726612906808
5192-EBGOV,0.9218751609586731,0.9302792453421828,-0.008404084383509702
5192-EBGOV,0.9218751609586731,0.4852510163930088,0.43662414456566423
5192-EBGOV,0.9218751609586731,0.38095882943143544,0.5409163315272376
5192-EBGOV,0.9218751609586731,0.8781978661614626,0.0436772947972105
5192-EBGOV,0.9218751609586731,0.7521083844687734,0.16976677648989968
5192-EBGOV,0.9218751609586731,0.8095106009556993,0.11236456000297379
5192-EBGOV,0.9218751609586731,0.6812595509877558,0.24061560997091724
5192-EBGOV,0.9218751609586731,0.7784915745023969,0.14338358645627614
5192-EBGOV,0.9218751609586731,0.8549605639957424,0.06691459696293067
5192-EBGOV,0.9218751609586731,0.37250867599940185,0.5493664849592712
5192-EBGOV,0.9218751609586731,0.2785013229466277,0.6433738380120453
5192-EBGOV,0.9218751609586731,0.7437655094472918,0.17810965151138125
5192-EBGOV,0.9218751609586731,0.9081202926915687,0.01375486826710437
5192-EBGOV,0.9218751609586731,0.8133958464882566,0.10847931447041648
5192-EBGOV,0.9218751609586731,0.9122374340835426,0.009637726875130426
7493-TPUWZ,0.9218286701787494,0.8195750495344555,0.10225362064429389
7493-TPUWZ,0.9218286701787494,0.9389580547535279,-0.017129384574778528
7493-TPUWZ,0.9218286701787494,0.9233727158028898,-0.0015440456241404554
7493-TPUWZ,0.9218286701787494,0.8239341663230468,0.09789450385570253
7493-TPUWZ,0.9218286701787494,0.9084968798388339,0.013331790339915495
7493-TPUWZ,0.9218286701787494,0.9299048009262595,-0.008076130747510124
7493-TPUWZ,0.9218286701787494,0.4534108274079207,0.46841784277082865
7493-TPUWZ,0.9218286701787494,0.35721215069556317,0.5646165194831863
7493-TPUWZ,0.9218286701787494,0.8171784479358196,0.10465022224292975
7493-TPUWZ,0.9218286701787494,0.8620756302548661,0.059753039923883255
7493-TPUWZ,0.9218286701787494,0.8012460171770318,0.12058265300171755
7493-TPUWZ,0.9218286701787494,0.6619938784356019,0.2598347917431475
7493-TPUWZ,0.9218286701787494,0.7899370548004611,0.1318916153782883
7493-TPUWZ,0.9218286701787494,0.8183861896828551,0.10344248049589422
7493-TPUWZ,0.9218286701787494,0.3501468635616662,0.5716818066170832
7493-TPUWZ,0.9218286701787494,0.25374134585319846,0.668087324325551
7493-TPUWZ,0.9218286701787494,0.6200959827149766,0.3017326874637728
7493-TPUWZ,0.9218286701787494,0.9368790870229337,-0.015050416844184289
7493-TPUWZ,0.9218286701787494,0.8378516207043848,0.08397704947436457
7493-TPUWZ,0.9218286701787494,0.9056106807514253,0.01621798942732411
9681-OXGVC,0.9218044569183124,0.857121829187533,0.06468262773077937
9681-OXGVC,0.9218044569183124,0.8879442570925177,0.03386019982579469
9681-OXGVC,0.9218044569183124,0.9193690691479776,0.002435387770334807
9681-OXGVC,0.9218044569183124,0.8245949184402068,0.09720953847810554
9681-OXGVC,0.9218044569183124,0.8928995920406771,0.028904864877635217
9681-OXGVC,0.9218044569183124,0.8996828347701333,0.022121622148179032
9681-OXGVC,0.9218044569183124,0.5686515998853712,0.3531528570329412
9681-OXGVC,0.9218044569183124,0.43496559986231925,0.4868388570559931
9681-OXGVC,0.9218044569183124,0.7931158933894028,0.12868856352890956
9681-OXGVC,0.9218044569183124,0.8267406557994877,0.09506380111882462
9681-OXGVC,0.9218044569183124,0.8666873709317651,0.0551170859865473
9681-OXGVC,0.9218044569183124,0.8068225850298054,0.11498187188850695
9681-OXGVC,0.9218044569183124,0.7694481663447958,0.15235629057351652
9681-OXGVC,0.9218044569183124,0.7959670356701012,0.12583742124821118
9681-OXGVC,0.9218044569183124,0.4989966359259567,0.42280782099235564
9681-OXGVC,0.9218044569183124,0.32112047350960476,0.6006839834087077
9681-OXGVC,0.9218044569183124,0.7391354873170063,0.18266896960130607
9681-OXGVC,0.9218044569183124,0.8850910208940924,0.03671343602421995
9681-OXGVC,0.9218044569183124,0.8189408636050391,0.10286359331327322
9681-OXGVC,0.9218044569183124,0.8631234933478572,0.05868096357045516
8580-AECUZ,0.921558187115973,0.8505276899596073,0.07103049715636578
8580-AECUZ,0.921558187115973,0.870077434953232,0.05148075216274106
8580-AECUZ,0.921558187115973,0.9004627283240634,0.02109545879190966
8580-AECUZ,0.921558187115973,0.7625081011372629,0.15905008597871018
8580-AECUZ,0.921558187115973,0.9036809768587529,0.01787721025722011
8580-AECUZ,0.921558187115973,0.9070270175858811,0.014531169530091925
8580-AECUZ,0.921558187115973,0.49947771316902206,0.422080473946951
8580-AECUZ,0.921558187115973,0.37280216862040216,0.5487560184955709
8580-AECUZ,0.921558187115973,0.8990390008466737,0.022519186269299385
8580-AECUZ,0.921558187115973,0.7662722924178244,0.15528589469814869
8580-AECUZ,0.921558187115973,0.8080227329948998,0.11353545412107324
8580-AECUZ,0.921558187115973,0.677136517126109,0.24442166998986403
8580-AECUZ,0.921558187115973,0.8345333270017675,0.08702486011420552
8580-AECUZ,0.921558187115973,0.8387436517799488,0.08281453533602423
8580-AECUZ,0.921558187115973,0.40226006019082244,0.5192981269251506
8580-AECUZ,0.921558187115973,0.28589952453816775,0.6356586625778053
8580-AECUZ,0.921558187115973,0.7463835277119958,0.17517465940397725
8580-AECUZ,0.921558187115973,0.8815327859001726,0.04002540121580045
8580-AECUZ,0.921558187115973,0.7616994782728179,0.15985870884315512
8580-AECUZ,0.921558187115973,0.8740493963166855,0.04750879079928749
5494-HECPR,0.9210564358800912,0.8035727138866543,0.11748372199343693
5494-HECPR,0.9210564358800912,0.8874929459613998,0.0335634899186914
5494-HECPR,0.9210564358800912,0.9176373087771305,0.003419127102960773
5494-HECPR,0.9210564358800912,0.7831381679197422,0.137918267960349
5494-HECPR,0.9210564358800912,0.8876619457003182,0.03339449017977303
5494-HECPR,0.9210564358800912,0.9187061065556326,0.0023503293244586665
5494-HECPR,0.9210564358800912,0.5058459422946332,0.41521049358545803
5494-HECPR,0.9210564358800912,0.3776202300729737,0.5434362058071176
5494-HECPR,0.9210564358800912,0.8859213792556514,0.03513505662443983
5494-HECPR,0.9210564358800912,0.7246832230287392,0.196373212851352
5494-HECPR,0.9210564358800912,0.7705040768574783,0.15055235902261288
5494-HECPR,0.9210564358800912,0.6411301449395864,0.2799262909405048
5494-HECPR,0.9210564358800912,0.7628569772286827,0.1581994586514085
5494-HECPR,0.9210564358800912,0.8309147972471758,0.09014163863291547
5494-HECPR,0.9210564358800912,0.37734723271719145,0.5437092031628998
5494-HECPR,0.9210564358800912,0.2562759296285063,0.6647805062515849
5494-HECPR,0.9210564358800912,0.7237509680208055,0.1973054678592857
5494-HECPR,0.9210564358800912,0.8949302504020068,0.02612618547808443
5494-HECPR,0.9210564358800912,0.7810337775894077,0.1400226582906835
5494-HECPR,0.9210564358800912,0.9058806185208149,0.015175817359276311
1761-AEZZR,0.9210554998141997,0.8375666947961179,0.08348880501808176
1761-AEZZR,0.9210554998141997,0.8771989810579927,0.043856518756207
1761-AEZZR,0.9210554998141997,0.9110579247204206,0.009997575093779076
1761-AEZZR,0.9210554998141997,0.8004885364595803,0.12056696335461936
1761-AEZZR,0.9210554998141997,0.8681503575831547,0.05290514223104492
1761-AEZZR,0.9210554998141997,0.9148677741520627,0.006187725662136989
1761-AEZZR,0.9210554998141997,0.5042022728652397,0.41685322694896
1761-AEZZR,0.9210554998141997,0.3590442507965175,0.5620112490176822
1761-AEZZR,0.9210554998141997,0.8967310551674285,0.024324444646771193
1761-AEZZR,0.9210554998141997,0.7469239639454748,0.17413153586872487
1761-AEZZR,0.9210554998141997,0.791290839140634,0.12976466067356562
1761-AEZZR,0.9210554998141997,0.6694515697254054,0.2516039300887942
1761-AEZZR,0.9210554998141997,0.8244444338918262,0.09661106592237345
1761-AEZZR,0.9210554998141997,0.8341196218544384,0.08693587795976121
1761-AEZZR,0.9210554998141997,0.38375687536000963,0.53729862445419
1761-AEZZR,0.9210554998141997,0.26270270373395305,0.6583527960802467
1761-AEZZR,0.9210554998141997,0.7110572866408709,0.20999821317332878
1761-AEZZR,0.9210554998141997,0.8947841470169408,0.026271352797258896
1761-AEZZR,0.9210554998141997,0.7795030368685945,0.1415524629456052
1761-AEZZR,0.9210554998141997,0.8544743533537299,0.06658114646046975
2514-GINMM,0.9210554998141997,0.8375666947961179,0.08348880501808176
2514-GINMM,0.9210554998141997,0.8771989810579927,0.043856518756207
2514-GINMM,0.9210554998141997,0.9110579247204206,0.009997575093779076
2514-GINMM,0.9210554998141997,0.8004885364595803,0.12056696335461936
2514-GINMM,0.9210554998141997,0.8681503575831547,0.05290514223104492
2514-GINMM,0.9210554998141997,0.9148677741520627,0.006187725662136989
2514-GINMM,0.9210554998141997,0.5042022728652397,0.41685322694896
2514-GINMM,0.9210554998141997,0.3590442507965175,0.5620112490176822
2514-GINMM,0.9210554998141997,0.8967310551674285,0.024324444646771193
2514-GINMM,0.9210554998141997,0.7469239639454748,0.17413153586872487
2514-GINMM,0.9210554998141997,0.791290839140634,0.12976466067356562
2514-GINMM,0.9210554998141997,0.6694515697254054,0.2516039300887942
2514-GINMM,0.9210554998141997,0.8244444338918262,0.09661106592237345
2514-GINMM,0.9210554998141997,0.8341196218544384,0.08693587795976121
2514-GINMM,0.9210554998141997,0.38375687536000963,0.53729862445419
2514-GINMM,0.9210554998141997,0.26270270373395305,0.6583527960802467
2514-GINMM,0.9210554998141997,0.7110572866408709,0.20999821317332878
2514-GINMM,0.9210554998141997,0.8947841470169408,0.026271352797258896
2514-GINMM,0.9210554998141997,0.7795030368685945,0.1415524629456052
2514-GINMM,0.9210554998141997,0.8544743533537299,0.06658114646046975
1374-DMZUI,0.9197796593386123,0.8602044815958273,0.05957517774278498
1374-DMZUI,0.9197796593386123,0.897721154103046,0.022058505235566295
1374-DMZUI,0.9197796593386123,0.9041716323572585,0.015608026981353773
1374-DMZUI,0.9197796593386123,0.8444134872111898,0.07536617212742247
1374-DMZUI,0.9197796593386123,0.9055748280830493,0.014204831255562933
1374-DMZUI,0.9197796593386123,0.906756315394063,0.013023343944549293
1374-DMZUI,0.9197796593386123,0.5541538302260197,0.36562582911259256
1374-DMZUI,0.9197796593386123,0.4406198909258457,0.4791597684127666
1374-DMZUI,0.9197796593386123,0.799001957033782,0.12077770230483031
1374-DMZUI,0.9197796593386123,0.8193408913203651,0.10043876801824714
1374-DMZUI,0.9197796593386123,0.8439405054987205,0.07583915383989182
1374-DMZUI,0.9197796593386123,0.7980273636297984,0.12175229570881385
1374-DMZUI,0.9197796593386123,0.7677027872671102,0.1520768720715021
1374-DMZUI,0.9197796593386123,0.815134892492919,0.10464476684569324
1374-DMZUI,0.9197796593386123,0.4594220858255289,0.4603575735130834
1374-DMZUI,0.9197796593386123,0.3259538371647748,0.5938258221738375
1374-DMZUI,0.9197796593386123,0.7610815935282877,0.15869806581032453
1374-DMZUI,0.9197796593386123,0.8873652150326623,0.032414444305949974
1374-DMZUI,0.9197796593386123,0.8293034737878756,0.09047618555073667
1374-DMZUI,0.9197796593386123,0.8819460442351676,0.03783361510344463
2446-BEGGB,0.9196099221380291,0.8589258106054386,0.06068411153259046
2446-BEGGB,0.9196099221380291,0.9355252379272656,-0.01591531578923655
2446-BEGGB,0.9196099221380291,0.9155355027985311,0.0040744193394979256
2446-BEGGB,0.9196099221380291,0.8900712436716716,0.029538678466357493
2446-BEGGB,0.9196099221380291,0.9000003750847796,0.019609547053249465
2446-BEGGB,0.9196099221380291,0.87345342559862,0.04615649653940901
2446-BEGGB,0.9196099221380291,0.5524962625147402,0.3671136596232889
2446-BEGGB,0.9196099221380291,0.40957619997808603,0.510033722159943
2446-BEGGB,0.9196099221380291,0.792700197794927,0.1269097243431021
2446-BEGGB,0.9196099221380291,0.8973010013795367,0.022308920758492334
2446-BEGGB,0.9196099221380291,0.8629608892899275,0.05664903284810152
2446-BEGGB,0.9196099221380291,0.80588979756054,0.11372012457748903
2446-BEGGB,0.9196099221380291,0.8442879622823134,0.07532195985571566
2446-BEGGB,0.9196099221380291,0.8117292356704477,0.10788068646758131
2446-BEGGB,0.9196099221380291,0.4661248996326794,0.45348502250534967
2446-BEGGB,0.9196099221380291,0.31512738389076356,0.6044825382472655
2446-BEGGB,0.9196099221380291,0.7177081679817613,0.20190175415626777
2446-BEGGB,0.9196099221380291,0.9311327483350312,-0.011522826197002178
2446-BEGGB,0.9196099221380291,0.9014593946087879,0.01815052752924118
2446-BEGGB,0.9196099221380291,0.9153827623391325,0.00422715979889654
1455-UGQVH,0.9189684382544939,0.843640739420482,0.07532769883401191
1455-UGQVH,0.9189684382544939,0.8571643361947737,0.0618041020597202
1455-UGQVH,0.9189684382544939,0.9005477841165647,0.01842065413792926
1455-UGQVH,0.9189684382544939,0.7923088958861354,0.12665954236835852
1455-UGQVH,0.9189684382544939,0.8486182517648695,0.07035018648962443
1455-UGQVH,0.9189684382544939,0.8705282292149138,0.04844020903958013
1455-UGQVH,0.9189684382544939,0.5851004441642301,0.3338679940902638
1455-UGQVH,0.9189684382544939,0.3984194927864631,0.5205489454680308
1455-UGQVH,0.9189684382544939,0.7877134917644395,0.13125494649005442
1455-UGQVH,0.9189684382544939,0.8375161910389513,0.08145224721554267
1455-UGQVH,0.9189684382544939,0.8611904107525236,0.057778027501970364
1455-UGQVH,0.9189684382544939,0.7779076417448558,0.1410607965096381
1455-UGQVH,0.9189684382544939,0.715608204666143,0.20336023358835087
1455-UGQVH,0.9189684382544939,0.7800769938369408,0.13889144441755308
1455-UGQVH,0.9189684382544939,0.4880916713381689,0.43087676691632504
1455-UGQVH,0.9189684382544939,0.31141910489123714,0.6075493333632568
1455-UGQVH,0.9189684382544939,0.7586650595211198,0.16030337873337408
1455-UGQVH,0.9189684382544939,0.9051268690329594,0.013841569221534566
1455-UGQVH,0.9189684382544939,0.8204579369862665,0.09851050126822747
1455-UGQVH,0.9189684382544939,0.767699644989008,0.15126879326548592
